"week_label","week_num","txn_count","total_volume","avg_ticket","fraud_count","fraud_rate_pct"
"Week 1",1,1930180,309454037648.19,160323.927119848926,1904,0.0986
"Week 2",2,2854595,550316304648.61,192782.620528870120,1863,0.0653
"Week 3",3,1279261,233698261514.92,182682.237256447277,1854,0.1449
"Week 4",4,298584,50924340948.05,170552.812434859202,2592,0.8681
